source,author,title,url,publishedAt
BBC News,,"How to look after dogs, cats and other pets in cold weather",https://www.bbc.com/news/articles/ckgk7zx7vzko,2026-01-02T10:28:08Z
The Verge,Terrence O’Brien,Creators and communities everywhere take a stand against ICE,https://www.theverge.com/policy/867451/creators-and-communities-take-a-stand-against-ice,2026-01-25T17:21:43Z
ABC News,ABC News,WATCH: 'Kitty Fat Camp' helps overweight cats find homes,https://abcnews.go.com/US/video/kitty-fat-camp-helps-overweight-cats-find-homes-129484174,2026-01-23T11:35:42Z
Kotaku,Zack Zwiezen,"Careful, This City-Builder Starring Cute Mice And Evil Royal Cats Might Suck Away All Your Free Time",https://kotaku.com/whiskerwood-city-builder-mice-cats-timberton-factorio-indie-steam-early-access-2000662691,2026-01-23T21:59:50Z
New York Post,Ben Cost,"Flossie, the world’s oldest cat, celebrates milestone birthday, defying all odds",https://nypost.com/2025/12/30/lifestyle/flossie-the-worlds-oldest-cat-celebrates-milestone-birthday-defying-all-odds/?utm_source=yahoo&amp;utm_campaign=nypost&amp;utm_medium=referral,2025-12-30T14:44:54Z
Yahoo Entertainment,,She spent 366 days searching for her cats after losing them in the LA fires: ‘I promised my babies’,https://consent.yahoo.com/v2/collectConsent?sessionId=1_cc-session_60d23610-c390-4959-a657-5ed1a959c5d8,2026-01-11T14:00:31Z
BBC News,Shamoon Hafez,'We are not happy' - Man City fall behind Arsenal in title race,https://www.bbc.com/sport/football/articles/cm248l1j7jno,2026-01-01T23:33:23Z
Gizmodo.com,Passant Rabie,Scientists Discover 2000-Year-Old Mummified Cheetah in an Unexpected Place,https://gizmodo.com/scientists-discover-2000-year-old-mummified-cheetah-in-an-unexpected-place-2000711079,2026-01-16T19:05:51Z
Hackaday,Tyler August,The Cutest Weather Forecast on E-Ink and ESP32,https://hackaday.com/2026/01/17/the-cutest-weather-forecast-on-e-ink-and-esp32/,2026-01-18T00:00:59Z
Business Insider,Juliana Kaplan,"What to know about Minnesota's anti-ICE blackout day without work, school, or shopping",https://www.businessinsider.com/minnesota-anti-ice-blackout-day-protest-work-school-shopping-businesses-2026-1,2026-01-22T20:56:14Z
Scientific American,Claire Cameron,Incredible Cheetah Mummies Show Big Cats Once Roamed the Arabian Peninsula,https://www.scientificamerican.com/article/incredible-cheetah-mummies-show-big-cats-once-roamed-the-arabian-peninsula/,2026-01-15T20:00:00Z
Bitboost.com,,PawSense: Catproof Your Computer,http://bitboost.com/pawsense/,2026-01-13T03:27:05Z
Gizmodo.com,Kyle Barr,Does Dreame Want to Be the Next DJI? It Sure Seems Like It,https://gizmodo.com/does-dreame-want-to-be-the-next-dji-it-sure-seems-like-it-2000713977,2026-01-26T16:10:31Z
CNET,Gael Cooper,"Today's NYT Strands Hints, Answers and Help for Dec. 30 #667",https://www.cnet.com/tech/gaming/todays-nyt-strands-hints-answers-and-help-for-dec-30-667/,2025-12-29T21:00:41Z
BBC News,,Warm Christmas for puppies and mum found hiding in tree,https://www.bbc.com/news/articles/c2lvvgxpj97o,2026-01-01T05:43:53Z
San Luis Obispo Tribune,Hannah Poukish,Mountain lion on the prowl in SLO neighborhood. Here’s what to do if you see one,https://www.sanluisobispo.com/news/local/environment/article314309433.html,2026-01-14T13:00:00Z
Business Insider,Teddy Rainville,"My severe allergies dominated my childhood, but immunization shots gave me a new life. Now, I'm a proud cat owner.",https://www.businessinsider.com/severe-allergies-dominated-childhood-immunization-shots-2026-1,2026-01-06T17:00:21Z
Business Insider,Katherine Li,5 ground-breaking (and strange) products you could soon buy from the 2026 Consumer Electronics Show,https://www.businessinsider.com/ground-breaking-and-quirky-products-from-the-2026-ces-2026-1,2026-01-10T11:06:01Z
Cheezburger.com,"Jesse Kessenheimer, Jesse Kessenheimer","Neighbor disrespects the cat owner next door, continuing to give treats to their cat without permission, so they get revenge by letting them meow at 5 AM every day: ‘Oh, I thought you liked feeding her’",https://cheezburger.com/43831813/neighbor-disrespects-the-cat-owner-next-door-continuing-to-give-treats-to-their-cat-without,2026-01-05T21:00:00Z
